Category,Competitor,Competitor Product,SpecChem Product
Form Release Agents,BASF,Cast-Off,SpecStrip
Cures/Cure & Sealers,BASF,MasterKure CC 250 SB,Cure & Seal 25
Cures/Cure & Sealers,BASF,MasterKure CC 300 SB,Cure & Seal 30
Cures/Cure & Sealers,BASF,MasterKure CC 160 WB,Cure & Seal WB
Cures/Cure & Sealers,BASF,MasterKure CC 250 SB,Cure & Seal 25 UV
Liquid Hardeners,BASF,MasterKure HD 110 WB,Cure Hard
Liquid Hardeners,BASF,Lapidolith,Spec-O-Lith
Liquid Hardeners,BASF,MasterKure HD 210 WB,SpecHard
Evaporation Retarders,BASF,MasterKure ER 50,SpecFilm Concentrate
Cleaners & Strippers,BASF,Citrus Degreaser,Orange Peel
Water Repellents,BASF,White Roc 10 WB,SpecShield WB
Acrylic Bonding Agents,BASF,MasterEmaco A660,Strong Bond
Acrylic Bonding Agents,BASF,Eco Weld,SpecWeld
Specialty Epoxies & Polyurea Products,BASF,MasterInject 1701,SpecPoxy 1000
Specialty Epoxies & Polyurea Products,BASF,MasterEmaco ADH 330,SpecPoxy 2000
Specialty Epoxies & Polyurea Products,BASF,MasterEmaco ADH 335,SpecPoxy 3000
Specialty Epoxies & Polyurea Products,BASF,Rapid Gel,SpecPoxy 3000 FS
Specialty Epoxies & Polyurea Products,BASF,MasterSeal CR 335,SpecPoxy C.J.
Specialty Epoxies & Polyurea Products,BASF,MasterFlow 648 CP,SpecPoxy Grout
Specialty Epoxies & Polyurea Products,BASF,MasterFlow GP,SpecPoxy Sealer
Cementitious Grouts,BASF,MB Construction Grout,SC Multi-purpose Grout
Cementitious Grouts,BASF,MasterFlow 928,SC Precision Grout
Cementitious Grouts,BASF,Embaco 885,SC Metallic Grout
Dry-Shake Hardeners,BASF,MasterTop 100,Quartz Floor Hardener
Repair Products,BASF,"MasterEmaco N 425, Sonopatch TC",SpecPatch 30
Repair Products,BASF,Sonopatch 300,Duo Patch
Repair Products,BASF,Gel Patch/Sonopatch 200,RepCon V/O
Repair Products,BASF,"MasterEmaco R310 CL, Emaco 566",RepCon H
Form Release Agents,Dayton,"J-1, J-1-A",SpecStrip
Form Release Agents,Dayton,J-2,SpecStrip Plus
Form Release Agents,Dayton,J-3,SpecStrip Supreme
Form Release Agents,Dayton,"J-4 Bio, J-1EF, Farm Fresh XL ",Bio Strip WB
Cures/Cure & Sealers,Dayton,"J-20, J-22",Cure & Seal 25
Cures/Cure & Sealers,Dayton,J-23,Cure & Seal 30
Cures/Cure & Sealers,Dayton,"J-18, J-19",Cure & Seal WB
Cures/Cure & Sealers,Dayton,"J-19, J-22 WB",Cure & Seal WB 25
Cures/Cure & Sealers,Dayton,J-22UV,Cure & Seal 25 UV
Cures/Cure & Sealers,Dayton,J9 - A,SpecRez
Paving Curing Compounds,Dayton,J9-A,SpecCity White
Paving Curing Compounds,Dayton,White Wax Cure,Pave Cure WW
Paving Curing Compounds,Dayton,Clear Resin Cure,Pave Cure Rez
Paving Curing Compounds,Dayton,White Resin Cure,Pave Cure Rez White
Liquid Hardeners,Dayton,J-13,Cure Hard
Liquid Hardeners,Dayton,Pentra Hard-Densifier,LithSeal Lite
Liquid Hardeners,Dayton,J-17,SpecHard
Bond Breakers,Dayton,"J-6 WB, Maxi-Tilt",SpecTilt WB
Bond Breakers,Dayton,"J-6, SUper Maxi Tilt",SpecTilt 100
Evaporation Retarders,Dayton,"Aquafilm, J-74 RTU",SpecFilm RTU
Evaporation Retarders,Dayton,"J-74, Aquafilm Conc.",SpecFilm Concentrate
Surface Retarders,Dayton,Top Cast,SpecEtch
Cleaners & Strippers,Dayton,J-48,Orange Peel
Protective Sealers,Dayton,J-24,Surface Shine
Protective Sealers,Dayton,J-25,Deco Shine
Protective Sealers,Dayton,Ultra Seal EF,Aqua Shine
Water Repellents,Dayton,J-26 WB,SpecShield WB
Water Repellents,Dayton,J-29,SpecSilane 40WB
Acrylic Bonding Agents,Dayton,J-40,Strong Bond
Acrylic Bonding Agents,Dayton,J-41,SpecWeld
Specialty Epoxies & Polyurea Products,Dayton,J-56,SpecPoxy 1000
Specialty Epoxies & Polyurea Products,Dayton,J-58,SpecPoxy 2000
Specialty Epoxies & Polyurea Products,Dayton,J-50,SpecPoxy 3000
Specialty Epoxies & Polyurea Products,Dayton,J-51 FS,SpecPoxy 3000 FS
Specialty Epoxies & Polyurea Products,Dayton,J-52,SpecPoxy C.J.
Specialty Epoxies & Polyurea Products,Dayton,J-55,SpecPoxy Grout
Specialty Epoxies & Polyurea Products,Dayton,Sure Patch,SpecPoxy Mortar
Cementitious Grouts,Dayton,#1107,SC Multi-purpose Grout
Cementitious Grouts,Dayton,High Performance Grout,SC Precision Grout
Cementitious Grouts,Dayton,Dalton Metallic Grout,SC Metallic Grout
Dry-Shake Hardeners,Dayton,Quartz Tuff,Quartz Floor Hardener
Repair Products,Dayton,"Recrete, Thin Resurfacer",SpecPatch 30
Repair Products,Dayton,Special Patch,Duo Patch
Repair Products,Dayton,Architectural Finish,SpecSmooth
Repair Products,Dayton,Permapatch V/O,RepCon V/O
Repair Products,Dayton,Polyfast,RepCon H
Form Release Agents,Euclid/Tamms,Form Shield Pure,SpecStrip
Form Release Agents,Euclid/Tamms,FormShield Pure Plus,SpecStrip Plus
Form Release Agents,Euclid/Tamms,Crystal Release VOC,SpecStrip Supreme
Form Release Agents,Euclid/Tamms,Form-EZE Natural,Bio Strip WB
Cures/Cure & Sealers,Euclid/Tamms,"Diamond Clear, Rez Seal",Cure & Seal 25
Cures/Cure & Sealers,Euclid/Tamms,Super Floor Coat,Cure & Seal 30
Cures/Cure & Sealers,Euclid/Tamms,Aqua-Cure VOX,Cure & Seal WB
Cures/Cure & Sealers,Euclid/Tamms,"Super Aqua-Cure VOX, Super Diamond Clear VOX",Cure & Seal WB 25
Cures/Cure & Sealers,Euclid/Tamms,"Lusterseal 300, Super Diamond Clear",Cure & Seal 25 UV
Cures/Cure & Sealers,Euclid/Tamms,Kurez VOX,SpecRez
Paving Curing Compounds,Euclid/Tamms,Kurez VOX White Pigmented,Pave Cure WW
Liquid Hardeners,Euclid/Tamms,Eucosil,Cure Hard
Liquid Hardeners,Euclid/Tamms,SurfHard,Spec-O-Lith
Liquid Hardeners,Euclid/Tamms,Ultrasil Li+,LithSeal SC
Liquid Hardeners,Euclid/Tamms,Ultra Guard,SpecGuard
Liquid Hardeners,Euclid/Tamms,Euco Diamond Hard,SpecHard
Evaporation Retarders,Euclid/Tamms,Eucobar,SpecFilm Concentrate
Surface Retarders,Euclid/Tamms,Concrete Surface Retarders S,SpecEtch
Cleaners & Strippers,Euclid/Tamms,Euco Clean & Strip,Orange Peel
Cleaners & Strippers,Euclid/Tamms,Concrete Blaster,SpecBlast
Protective Sealers,Euclid/Tamms,Ever Clear,Surface Shine
Protective Sealers,Euclid/Tamms,Super Diamond Clear,Deco Shine
Protective Sealers,Euclid/Tamms,Lusterseal 350,Crystal Shine
Protective Sealers,Euclid/Tamms,Lusterseal 300 WB,Aqua Shine
Water Repellents,Euclid/Tamms,"Weather-Guard, ChemStop WB",SpecShield WB
Water Repellents,Euclid/Tamms,Baracade Silane 40,SpecSilane 40WB
Acrylic Bonding Agents,Euclid/Tamms,Flex-con,Strong Bond
Acrylic Bonding Agents,Euclid/Tamms,EucoWeld,SpecWeld
Specialty Epoxies & Polyurea Products,Euclid/Tamms,Flexolith,SpecPoxy Binder
Specialty Epoxies & Polyurea Products,Euclid/Tamms,Dural 50,SpecPoxy 500
Specialty Epoxies & Polyurea Products,Euclid/Tamms,Euco #452 LV,SpecPoxy 1000
Specialty Epoxies & Polyurea Products,Euclid/Tamms,Euco #452 MV,SpecPoxy 2000
Specialty Epoxies & Polyurea Products,Euclid/Tamms,Euco #452 Gel,SpecPoxy 3000
Specialty Epoxies & Polyurea Products,Euclid/Tamms,"Euco #620 Gel, Dural Fast Set Gel",SpecPoxy 3000 FS
Specialty Epoxies & Polyurea Products,Euclid/Tamms,Duralkote 240,SpecPoxy Coating
Specialty Epoxies & Polyurea Products,Euclid/Tamms,Euco 700,SpecPoxy C.J.
Specialty Epoxies & Polyurea Products,Euclid/Tamms,Euco QWIKjoint UVR,Rapid Flex C.J.
Specialty Epoxies & Polyurea Products,Euclid/Tamms,"E-3F, E-3G, E-3HP, Polygrout",SpecPoxy Grout
Specialty Epoxies & Polyurea Products,Euclid/Tamms,Dural Flex Fastpatch,SpecPoxy Mortar
Specialty Epoxies & Polyurea Products,Euclid/Tamms,Dural 50LM,SpecPoxy Sealer
Cementitious Grouts,Euclid/Tamms,NS Grout/NC Grout,SC Multi-purpose Grout
Cementitious Grouts,Euclid/Tamms,Hi- Flow Grout,SC Precision Grout
Cementitious Grouts,Euclid/Tamms,NS Metallic Grout,SC Metallic Grout
Cementitious Grouts,Euclid/Tamms,Tremie Grout,UW Grout
Dry-Shake Hardeners,Euclid/Tamms,Surflex,Quartz Floor Hardener
Repair Products,Euclid/Tamms,SpecCrete Red Line,SpecPatch 5
Repair Products,Euclid/Tamms,Speed Crete Redline,SpecPatch 15
Repair Products,Euclid/Tamms,"Eucopatch, Thin Patch, EucoCrete, Eucopatch",SpecPatch 30
Repair Products,Euclid/Tamms,Speed Crete Redline,SpecPatch Light
Repair Products,Euclid/Tamms,"Tammspatch II, DuraTop Flowable Mortar",Duo Patch
Repair Products,Euclid/Tamms,Tammscrete,SpecSmooth
Repair Products,Euclid/Tamms,"Verticoat Supreme, Verticoat",RepCon V/O
Repair Products,Euclid/Tamms,Concrete Top Supreme,RepCon H
Repair Products,Euclid/Tamms,Versaspeed LS,RepCon 928
Repair Products,Euclid/Tamms,Speed Crete Blue Line,RepCon UW Mortar
Repair Products,Euclid/Tamms,Speed Plug,SpecPlug
Repair Products,Euclid/Tamms,Euco Rock,SpecRock
Repair Products,Euclid/Tamms,"Flop Top, Super Flo Top",SpecFlow
Repair Products,Euclid/Tamms,Tammscrete,Final Finish
Repair Products,Euclid/Tamms,"Thin Top Supreme, Euco Recover",RevCrete
Form Release Agents,MISC,"Cresset 727, Cresset Super Strip 60",SpecStrip
Form Release Agents,MISC,L&M Debond,SpecStrip Plus
Form Release Agents,MISC,Crete-Lease 880 VOC,SpecStrip Supreme
Form Release Agents,MISC,Crete-Lease 880,Precast 80
Form Release Agents,MISC,Nox-PCE,Dry-Deck WB
Form Release Agents,MISC,Crete-Lease BioTru,Bio Strip WB
Form Release Agents,MISC,L&M E-Z Strip,SpecStrip
Form Release Agents,MISC,NoxCrete Form Coating 250,SpecStrip Supreme
Form Release Agents,MISC,"NoxCrete Plus, L&M De Bond Gold",Precast 80
Form Release Agents,MISC,NoxCrete Bio-Nox,Bio Strip WB
Form Release Agents,MISC,NoxCrete Chembeton 250,SpecStrip
Form Release Agents,MISC,NoxCrete RA-10,Precast 80
Cures/Cure & Sealers,MISC.,L&M Dress & Seal 25,Cure & Seal 25
Cures/Cure & Sealers,MISC.,(NX) Cure & Seal 1315 A,Cure & Seal 30
Cures/Cure & Sealers,MISC.,(GS) Multi-Purpose Sealer,Cure & Seal WB
Cures/Cure & Sealers,MISC.,(NX) Cure & Seal 250 E,Cure & Seal WB 25
Cures/Cure & Sealers,MISC.,L&M LumiSeal Plus,Cure & Seal 25 UV
Cures/Cure & Sealers,MISC.,L & M Cure R,SpecRez
Cures/Cure & Sealers,MISC.,L&M Dress & Seal 30,Cure & Seal 30
Cures/Cure & Sealers,MISC.,(NX) Cure & Seal 120 E,Cure & Seal WB
Cures/Cure & Sealers,MISC.,L&M Dress & Seal WB 25,Cure & Seal WB 25
Paving Curing Compounds,MISC.,(NX) CityCure WW,SpecCity White
Paving Curing Compounds,MISC.,(RP) White Water Wax,Pave Cure WW
Paving Curing Compounds,MISC.,(RP) Clear Water Resin,Pave Cure Rez
Paving Curing Compounds,MISC.,(RP) White Water Resin,Pave Cure Rez White
Paving Curing Compounds,MISC.,(NX) DOT Road Cure WW,Pave Cure WW
Paving Curing Compounds,MISC.,L&M Cure R,Pave Cure Rez
Paving Curing Compounds,MISC.,L&M Cure R-2,Pave Cure Rez White
Paving Curing Compounds,MISC.,L&M Cure W,Pave Cure WW
Liquid Hardeners,MISC.,L&M Chem Hard,Cure Hard
Liquid Hardeners,MISC.,ConSolideck LS,LithSeal SC
Liquid Hardeners,MISC.,ConSolideck LS CS,LithSeal Lite
Liquid Hardeners,MISC.,(NX) DuroPolish Plus,SpecGuard
Liquid Hardeners,MISC.,Ashford Formula,SpecHard
Liquid Hardeners,MISC.,L&M Cure,Cure Hard
Liquid Hardeners,MISC.,L&M Lion Hard,LithSeal SC
Liquid Hardeners,MISC.,Nox-Crete Duro-Nox LSC,LithSeal Lite
Liquid Hardeners,MISC.,(NX) DuroNox,SpecHard
Liquid Hardeners,MISC.,L&M Seal Hard,SpecHard
Bond Breakers,MISC.,(NX) Silcoseal 2000F,SpecTilt WB
Bond Breakers,MISC.,(NX) Silcoseal 100,SpecTilt 100
Bond Breakers,MISC.,Silcoseal Select,SpecTilt WB
Bond Breakers,MISC.,Silcoseal Classic,SpecTilt 100
Evaporation Retarders,MISC.,L&M E-Con,SpecFilm Concentrate
Cleaners & Strippers,MISC.,(NX) BioClean,Orange Peel
Cleaners & Strippers,MISC.,L&M Citrex,Orange Peel
Protective Sealers,MISC.,(NX) Nox-Carb,Surface Shine
Protective Sealers,MISC.,(GS) Original Wet Lacquer,Deco Shine
Protective Sealers,MISC.,(S) CureSeal - S Matte,Deco Shine Matte
Protective Sealers,MISC.,(GS) Wet Lacquer 2000,Crystal Shine
Protective Sealers,MISC.,"(GS) ""Wet Look II"" Sealer",Aqua Shine
Protective Sealers,MISC.,(NX) Sparkl-Seal,Deco Shine
Protective Sealers,MISC.,(NX) Sparkl-Seal E,Aqua Shine
Protective Sealers,MISC.,(S) CureSeal - S,Deco Shine
Protective Sealers,MISC.,(S) CureSeal - W,Aqua Shine
Water Repellents,MISC.,(GS) Natural Look,SpecShield WB
Water Repellents,MISC.,L&M AquaPel Plus,SpecShield WB
Water Repellents,MISC.,L&M AquaPel,SpecSilane 40WB
Acrylic Bonding Agents,MISC.,L&M Everbond,Strong Bond
Acrylic Bonding Agents,MISC.,Larsen's Weld Crete,SpecWeld
Acrylic Bonding Agents,MISC.,L&M Everweld,SpecWeld
Specialty Epoxies & Polyurea Products,MISC.,Concressive 1375,SpecPoxy 1000
Specialty Epoxies & Polyurea Products,MISC.,Concressive LPL,SpecPoxy 2000
Specialty Epoxies & Polyurea Products,MISC.,Concressive 1444,SpecPoxy 3000
Specialty Epoxies & Polyurea Products,MISC.,(AT) Ultrabond 1300,SpecPoxy 3000 FS
Specialty Epoxies & Polyurea Products,MISC.,MM-80,SpecPoxy C.J.
Specialty Epoxies & Polyurea Products,MISC.,"VersaFlex SL 85, 88  / Adhesives Technology Crackbond JF 311",Rapid Flex C.J.
Specialty Epoxies & Polyurea Products,MISC.,L&M Epogrout 758,SpecPoxy Grout
Specialty Epoxies & Polyurea Products,MISC.,(AT) Crackbond LR 321,SpecPoxy 1000
Specialty Epoxies & Polyurea Products,MISC.,(AT) Ultrabond 2100,SpecPoxy 2000
Specialty Epoxies & Polyurea Products,MISC.,(AT) Ultrabond 2300,SpecPoxy 3000
Specialty Epoxies & Polyurea Products,MISC.,Metzger/McGuire  RS 88 / HiTech HT-PE85 MI,Rapid Flex C.J.
Specialty Epoxies & Polyurea Products,MISC.,ARDEX ARDISEAL RAPID PLUS,Rapid Flex C.J.
Cementitious Grouts,MISC.,CTS MP Grout,SC Multi-purpose Grout
Cementitious Grouts,MISC.,14K Hy-Flow,SC Precision Grout
Cementitious Grouts,MISC.,L&M Duragrout,SC Multi-purpose Grout
Cementitious Grouts,MISC.,Five Star Grout,SC Precision Grout
Cementitious Grouts,MISC.,L&M Crystex,SC Precision Grout
Dry-Shake Hardeners,MISC.,Quartzplate FF,Quartz Floor Hardener
Repair Products,MISC.,Rapid Set Cement All,SpecPatch 5
Repair Products,MISC.,"Ardex OVP, SKM, CP",SpecPatch 15
Repair Products,MISC.,Lyons Pave Crete,SpecPatch 30
Repair Products,MISC.,Ardex CD,Duo Patch
Repair Products,MISC.,Ardex B20,RepCon V/O
Repair Products,MISC.,EMACO 566,RepCon H
Repair Products,MISC.,Rapid Set DOT Repair Mix,RepCon 928
Repair Products,MISC.,"Ardex K15, LU 100, K10,V1200",SpecFlow
Repair Products,MISC.,Rapid Set Wunderfixx,Final Finish
Repair Products,MISC.,Rapid Set Skim coat,RevCrete
Repair Products,MISC.,Rapid Set TRU Self Leveling,SpecLevel PCT
Repair Products,MISC.,Lyons Cast Patch,SpecPatch 15
Repair Products,MISC.,L&M Duracrete,SpecPatch 30
Repair Products,MISC.,CTS Mortar Mix,RepCon V/O
Repair Products,MISC.,Rapid Set LevelFlor,SpecFlow
Repair Products,MISC.,Ardex CD fine and corse,RevCrete
Repair Products,MISC.,Ardex PC-T,SpecLevel PCT
Repair Products,MISC.,"Ardex GPS, Rapid Set Cement All",SpecPatch 30
Repair Products,MISC.,Lyons PatchCrete,Duo Patch
Repair Products,MISC.,Rapid Set V/O Repair Mix,RepCon V/O
Repair Products,MISC.,"Mapei Ultraplan Easy, Novoplan Easy, Self Leveling Plus",SpecFlow
Form Release Agents,SIKA,,
Evaporation Retarders,SIKA,Sika Film,SpecFilm Concentrate
Surface Retarders,SIKA,Rugasol S,SpecEtch
Protective Sealers,SIKA,Aggribrite VOC,Surface Shine
Acrylic Bonding Agents,SIKA,SIKA LATEX ACRYLIC,Strong Bond
Specialty Epoxies & Polyurea Products,SIKA,Sikadur Hi Mod 35,SpecPoxy 1000
Specialty Epoxies & Polyurea Products,SIKA,Sikadur Hi Mod 32,SpecPoxy 2000
Specialty Epoxies & Polyurea Products,SIKA,Sikadur Hi Mod 31,SpecPoxy 3000
Specialty Epoxies & Polyurea Products,SIKA,Sikadur Hi Mod 33,SpecPoxy 3000 FS
Specialty Epoxies & Polyurea Products,SIKA,Sikadur 51 SL,SpecPoxy C.J.
Specialty Epoxies & Polyurea Products,SIKA,Sika Loadflex 524 EZ,Rapid Flex C.J.
Specialty Epoxies & Polyurea Products,SIKA,Sikadur 42,SpecPoxy Grout
Cementitious Grouts,SIKA,SikaGrout 212,SC Multi-purpose Grout
Cementitious Grouts,SIKA,SikaGrout 328,SC Precision Grout
Repair Products,SIKA,"Sika Repair 223, Sika Quick VOH",SpecPatch 15
Repair Products,SIKA,"Sika Repair 222, Top 121",SpecPatch 30
Repair Products,SIKA,Sika Top 122 Plus,Duo Patch
Repair Products,SIKA,Sika Top 123 Plus,RepCon V/O
Repair Products,SIKA,Sika Set Mortar,RepCon H
Repair Products,SIKA,Sika Smooth,Final Finish
Repair Products,SIKA,Sika Armatec 110,SpecPrep SB
Form Release Agents,W.R. Meadows,"Duogard, Duogard Citrus, Duoguard NE",SpecStrip
Form Release Agents,W.R. Meadows,Duogard Plus,SpecStrip Supreme
Cures/Cure & Sealers,W.R. Meadows,CS-309-25,Cure & Seal 25
Cures/Cure & Sealers,W.R. Meadows,CS-309-30,Cure & Seal 30
Cures/Cure & Sealers,W.R. Meadows,VOCOMP-20,Cure & Seal WB
Cures/Cure & Sealers,W.R. Meadows,"VOCOMP-25, VOCOMP-30",Cure & Seal WB 25
Cures/Cure & Sealers,W.R. Meadows,CS-309-35,Cure & Seal 25 UV
Cures/Cure & Sealers,W.R. Meadows,1100 - Clear,SpecRez
Paving Curing Compounds,W.R. Meadows,1600-White,Pave Cure WW
Paving Curing Compounds,W.R. Meadows,1100-Clear,Pave Cure Rez
Paving Curing Compounds,W.R. Meadows,1200-White,Pave Cure Rez White
Liquid Hardeners,W.R. Meadows,Med-Cure,Cure Hard
Liquid Hardeners,W.R. Meadows,Liqui-Hard,SpecHard
Evaporation Retarders,W.R. Meadows,Evapre-RTU,SpecFilm RTU
Evaporation Retarders,W.R. Meadows,Evapre,SpecFilm Concentrate
Surface Retarders,W.R. Meadows,Top Stop,SpecEtch
Cleaners & Strippers,W.R. Meadows,Ultrite Degreaser,Orange Peel
Protective Sealers,W.R. Meadows,Tiah,Surface Shine
Protective Sealers,W.R. Meadows,Decra-seal,Deco Shine
Protective Sealers,W.R. Meadows,Expo-Gloss OTC,Crystal Shine
Water Repellents,W.R. Meadows,Deck-O-Shield,SpecSilane 40WB
Acrylic Bonding Agents,W.R. Meadows,Acryl-Lok,Strong Bond
Acrylic Bonding Agents,W.R. Meadows,Everweld,SpecWeld
Specialty Epoxies & Polyurea Products,W.R. Meadows,Rezi-Weld LV,SpecPoxy 1000
Specialty Epoxies & Polyurea Products,W.R. Meadows,Rezi-Weld 1000,SpecPoxy 2000
Specialty Epoxies & Polyurea Products,W.R. Meadows,Rezi-weld Gel Paste,SpecPoxy 3000
Specialty Epoxies & Polyurea Products,W.R. Meadows,Rezi-Weld Gel Paste,SpecPoxy 3000 FS
Specialty Epoxies & Polyurea Products,W.R. Meadows,Rezi-Weld Flex,SpecPoxy C.J.
Specialty Epoxies & Polyurea Products,W.R. Meadows,Rezi-Weld 3/2,SpecPoxy Grout
Cementitious Grouts,W.R. Meadows,SG-86,SC Multi-purpose Grout
Cementitious Grouts,W.R. Meadows,588,SC Precision Grout
Repair Products,W.R. Meadows,"Meadow-Patch 20, T-1",SpecPatch 30
Repair Products,W.R. Meadows,Futura 15,RepCon H
